antecedents,consequents,antecedent support,consequent support,support,confidence,lift,representativity,leverage,conviction,zhangs_metric,jaccard,certainty,kulczynski
frozenset({'Cough Drops'}),frozenset({'Allergy Pills'}),0.23,0.24,0.056666666666666664,0.24637681159420288,1.0265700483091786,1.0,0.0014666666666666647,1.0084615384615385,0.03361344537815122,0.13709677419354838,0.008390541571319594,0.241243961352657
frozenset({'Allergy Pills'}),frozenset({'Cough Drops'}),0.24,0.23,0.056666666666666664,0.2361111111111111,1.0265700483091786,1.0,0.0014666666666666647,1.008,0.03405572755417952,0.13709677419354838,0.007936507936507915,0.241243961352657
frozenset({'Bandages'}),frozenset({'Antacid'}),0.23,0.23,0.06333333333333334,0.2753623188405797,1.1972274732199117,1.0,0.010433333333333336,1.0626,0.21394395078605608,0.1596638655462185,0.05891210239036325,0.2753623188405797
frozenset({'Antacid'}),frozenset({'Bandages'}),0.23,0.23,0.06333333333333334,0.2753623188405797,1.1972274732199117,1.0,0.010433333333333336,1.0626,0.21394395078605608,0.1596638655462185,0.05891210239036325,0.2753623188405797
frozenset({'Cough Syrup'}),frozenset({'Antacid'}),0.22666666666666666,0.23,0.06,0.2647058823529412,1.1508951406649617,1.0,0.007866666666666668,1.0472,0.16954022988505751,0.15126050420168066,0.04507257448433918,0.26278772378516624
frozenset({'Antacid'}),frozenset({'Cough Syrup'}),0.23,0.22666666666666666,0.06,0.2608695652173913,1.1508951406649617,1.0,0.007866666666666668,1.0462745098039217,0.1702741702741703,0.15126050420168066,0.04422788605697152,0.26278772378516624
frozenset({'Face Mask'}),frozenset({'Antacid'}),0.20666666666666667,0.23,0.056666666666666664,0.27419354838709675,1.1921458625525945,1.0,0.009133333333333327,1.060888888888889,0.20316361838853175,0.14912280701754385,0.057394218684541226,0.2602851799906498
frozenset({'Antacid'}),frozenset({'Face Mask'}),0.23,0.20666666666666667,0.056666666666666664,0.24637681159420288,1.1921458625525947,1.0,0.009133333333333327,1.0526923076923076,0.20932009167303273,0.14912280701754385,0.05005480453050783,0.2602851799906498
frozenset({'Hand Sanitizer'}),frozenset({'Antacid'}),0.25666666666666665,0.23,0.06333333333333334,0.24675324675324678,1.072840203274986,1.0,0.004300000000000005,1.0222413793103449,0.09133821099834798,0.14960629921259844,0.021757463315904897,0.2610577827969133
frozenset({'Antacid'}),frozenset({'Hand Sanitizer'}),0.23,0.25666666666666665,0.06333333333333334,0.2753623188405797,1.072840203274986,1.0,0.004300000000000005,1.0258,0.08817498291182511,0.14960629921259844,0.025151101579255233,0.2610577827969133
frozenset({'Sleep Aid'}),frozenset({'Antacid'}),0.21333333333333335,0.23,0.05,0.234375,1.0190217391304348,1.0,0.0009333333333333277,1.0057142857142858,0.023728813559321892,0.1271186440677966,0.005681818181818169,0.22588315217391303
frozenset({'Antacid'}),frozenset({'Sleep Aid'}),0.23,0.21333333333333335,0.05,0.21739130434782608,1.0190217391304346,1.0,0.0009333333333333277,1.0051851851851852,0.024242424242424093,0.1271186440677966,0.005158437730287374,0.22588315217391303
frozenset({'Thermometer'}),frozenset({'Antacid'}),0.20666666666666667,0.23,0.06333333333333334,0.3064516129032258,1.332398316970547,1.0,0.0158,1.110232558139535,0.3144626271561256,0.16964285714285718,0.0992878089652283,0.2909069658719028
frozenset({'Antacid'}),frozenset({'Thermometer'}),0.23,0.20666666666666667,0.06333333333333334,0.2753623188405797,1.332398316970547,1.0,0.0158,1.0948,0.32399179767600816,0.16964285714285718,0.08659115820241141,0.2909069658719028
frozenset({'First Aid Kit'}),frozenset({'Aspirin'}),0.25333333333333335,0.22333333333333333,0.056666666666666664,0.22368421052631576,1.0015710919088765,1.0,8.888888888888141e-05,1.0004519774011298,0.002100840336134277,0.1349206349206349,0.0004517732098486288,0.23870777690494893
frozenset({'Aspirin'}),frozenset({'First Aid Kit'}),0.22333333333333333,0.25333333333333335,0.056666666666666664,0.2537313432835821,1.0015710919088767,1.0,8.888888888888141e-05,1.0005333333333333,0.0020196919969702925,0.1349206349206349,0.0005330490405117129,0.23870777690494893
frozenset({'Vitamin C'}),frozenset({'Aspirin'}),0.20333333333333334,0.22333333333333333,0.06,0.29508196721311475,1.3212625397602153,1.0,0.014588888888888887,1.101782945736434,0.30520688052068806,0.16363636363636364,0.09238021529585591,0.2818693418155126
frozenset({'Aspirin'}),frozenset({'Vitamin C'}),0.22333333333333333,0.20333333333333334,0.06,0.26865671641791045,1.3212625397602153,1.0,0.014588888888888887,1.0893197278911564,0.31306628516928947,0.16363636363636364,0.08199587834884156,0.2818693418155126
frozenset({'Bandages'}),frozenset({'Cough Drops'}),0.23,0.23,0.06,0.2608695652173913,1.1342155009451795,1.0,0.007099999999999995,1.041764705882353,0.15367965367965358,0.15,0.0400903444381705,0.2608695652173913
frozenset({'Cough Drops'}),frozenset({'Bandages'}),0.23,0.23,0.06,0.2608695652173913,1.1342155009451795,1.0,0.007099999999999995,1.041764705882353,0.15367965367965358,0.15,0.0400903444381705,0.2608695652173913
frozenset({'Bandages'}),frozenset({'Thermometer'}),0.23,0.20666666666666667,0.07333333333333333,0.3188405797101449,1.5427769985974753,1.0,0.025799999999999997,1.1646808510638298,0.4569067296340023,0.20183486238532114,0.14139568871026667,0.33683964469378214
frozenset({'Thermometer'}),frozenset({'Bandages'}),0.20666666666666667,0.23,0.07333333333333333,0.3548387096774194,1.5427769985974755,1.0,0.025799999999999997,1.1935,0.44346829640947283,0.20183486238532114,0.16212819438625892,0.33683964469378214
frozenset({'Cough Drops'}),frozenset({'Eye Drops'}),0.23,0.21666666666666667,0.05,0.21739130434782608,1.0033444816053512,1.0,0.0001666666666666622,1.0009259259259258,0.004329004329004212,0.12605042016806722,0.0009250693802034981,0.22408026755852845
frozenset({'Eye Drops'}),frozenset({'Cough Drops'}),0.21666666666666667,0.23,0.05,0.23076923076923078,1.0033444816053512,1.0,0.0001666666666666622,1.0010000000000001,0.004255319148936056,0.12605042016806722,0.0009990009990010027,0.22408026755852845
frozenset({'Cough Drops'}),frozenset({'Face Mask'}),0.23,0.20666666666666667,0.05,0.21739130434782608,1.0518934081346423,1.0,0.0024666666666666656,1.0137037037037036,0.06406926406926403,0.12931034482758622,0.013518450858604305,0.2296633941093969
frozenset({'Face Mask'}),frozenset({'Cough Drops'}),0.20666666666666667,0.23,0.05,0.24193548387096775,1.0518934081346423,1.0,0.0024666666666666656,1.015744680851064,0.0621848739495798,0.12931034482758622,0.015500628403854206,0.2296633941093969
frozenset({'Cough Drops'}),frozenset({'Sleep Aid'}),0.23,0.21333333333333335,0.05333333333333334,0.2318840579710145,1.0869565217391304,1.0,0.004266666666666662,1.0241509433962264,0.10389610389610376,0.13675213675213677,0.023581429624170952,0.24094202898550726
frozenset({'Sleep Aid'}),frozenset({'Cough Drops'}),0.21333333333333335,0.23,0.05333333333333334,0.25,1.0869565217391304,1.0,0.004266666666666662,1.0266666666666666,0.10169491525423716,0.13675213675213677,0.025974025974025962,0.24094202898550726
frozenset({'Cough Syrup'}),frozenset({'Ibuprofen'}),0.22666666666666666,0.19333333333333333,0.05333333333333334,0.23529411764705885,1.2170385395537526,1.0,0.009511111111111116,1.054871794871795,0.23060344827586218,0.14545454545454548,0.052017501215362215,0.25557809330628806
frozenset({'Ibuprofen'}),frozenset({'Cough Syrup'}),0.19333333333333333,0.22666666666666666,0.05333333333333334,0.27586206896551724,1.2170385395537526,1.0,0.009511111111111116,1.067936507936508,0.22107438016528935,0.14545454545454548,0.06361474435196196,0.25557809330628806
frozenset({'Hand Sanitizer'}),frozenset({'Eye Drops'}),0.25666666666666665,0.21666666666666667,0.06,0.23376623376623376,1.0789210789210788,1.0,0.004388888888888887,1.022316384180791,0.09840558046836069,0.14516129032258063,0.021829234595192027,0.25534465534465534
frozenset({'Eye Drops'}),frozenset({'Hand Sanitizer'}),0.21666666666666667,0.25666666666666665,0.06,0.2769230769230769,1.0789210789210788,1.0,0.004388888888888887,1.028014184397163,0.09338061465721036,0.14516129032258063,0.027250776129699856,0.25534465534465534
frozenset({'Eye Drops'}),frozenset({'Ibuprofen'}),0.21666666666666667,0.19333333333333333,0.043333333333333335,0.2,1.0344827586206897,1.0,0.0014444444444444426,1.0083333333333333,0.04255319148936165,0.11818181818181818,0.008264462809917375,0.2120689655172414
frozenset({'Ibuprofen'}),frozenset({'Eye Drops'}),0.19333333333333333,0.21666666666666667,0.043333333333333335,0.22413793103448276,1.0344827586206897,1.0,0.0014444444444444426,1.0096296296296297,0.04132231404958672,0.11818181818181818,0.009537784299339687,0.2120689655172414
frozenset({'Face Mask'}),frozenset({'Sleep Aid'}),0.20666666666666667,0.21333333333333335,0.04666666666666667,0.22580645161290325,1.058467741935484,1.0,0.002577777777777776,1.0161111111111112,0.06962785114045612,0.125,0.01585565882996174,0.22227822580645162
frozenset({'Sleep Aid'}),frozenset({'Face Mask'}),0.21333333333333335,0.20666666666666667,0.04666666666666667,0.21875,1.058467741935484,1.0,0.002577777777777776,1.0154666666666667,0.07021791767554475,0.125,0.015231092436974791,0.22227822580645162
frozenset({'First Aid Kit'}),frozenset({'Ibuprofen'}),0.25333333333333335,0.19333333333333333,0.05333333333333334,0.21052631578947367,1.0889292196007259,1.0,0.004355555555555557,1.0217777777777777,0.10937500000000003,0.13559322033898308,0.021313614615050012,0.24319419237749546
frozenset({'Ibuprofen'}),frozenset({'First Aid Kit'}),0.19333333333333333,0.25333333333333335,0.05333333333333334,0.27586206896551724,1.0889292196007259,1.0,0.004355555555555557,1.031111111111111,0.10123966942148763,0.13559322033898308,0.03017241379310342,0.24319419237749546
frozenset({'Thermometer'}),frozenset({'First Aid Kit'}),0.20666666666666667,0.25333333333333335,0.05333333333333334,0.25806451612903225,1.0186757215619693,1.0,0.0009777777777777788,1.006376811594203,0.023109243697479017,0.13114754098360656,0.006336405529953879,0.23429541595925296
frozenset({'First Aid Kit'}),frozenset({'Thermometer'}),0.25333333333333335,0.20666666666666667,0.05333333333333334,0.21052631578947367,1.0186757215619693,1.0,0.0009777777777777788,1.004888888888889,0.024553571428571452,0.13114754098360656,0.004865103936311354,0.23429541595925296
frozenset({'Vitamin C'}),frozenset({'First Aid Kit'}),0.20333333333333334,0.25333333333333335,0.056666666666666664,0.2786885245901639,1.1000862812769627,1.0,0.005155555555555545,1.035151515151515,0.11420132906719152,0.14166666666666666,0.03395784543325521,0.25118636755823986
frozenset({'First Aid Kit'}),frozenset({'Vitamin C'}),0.25333333333333335,0.20333333333333334,0.056666666666666664,0.22368421052631576,1.1000862812769627,1.0,0.005155555555555545,1.0262146892655366,0.1218487394957981,0.14166666666666666,0.025545034133450745,0.25118636755823986
frozenset({'Thermometer'}),frozenset({'Hand Sanitizer'}),0.20666666666666667,0.25666666666666665,0.06333333333333334,0.3064516129032258,1.193967322999581,1.0,0.010288888888888896,1.071782945736434,0.20477664750110583,0.15833333333333335,0.06697526399537106,0.2766024298282363
frozenset({'Hand Sanitizer'}),frozenset({'Thermometer'}),0.25666666666666665,0.20666666666666667,0.06333333333333334,0.24675324675324678,1.1939673229995813,1.0,0.010288888888888896,1.0532183908045976,0.2185508614585793,0.15833333333333335,0.050529302630143,0.2766024298282363
frozenset({'Vitamin C'}),frozenset({'Hand Sanitizer'}),0.20333333333333334,0.25666666666666665,0.056666666666666664,0.2786885245901639,1.0857994464551841,1.0,0.004477777777777775,1.030530303030303,0.09918779227172035,0.14049586776859505,0.029625817834301238,0.24973387268469233
frozenset({'Hand Sanitizer'}),frozenset({'Vitamin C'}),0.25666666666666665,0.20333333333333334,0.056666666666666664,0.22077922077922077,1.0857994464551841,1.0,0.004477777777777775,1.0223888888888888,0.10630440517013974,0.14049586776859505,0.02189860348856163,0.24973387268469233
frozenset({'Pain Reliever'}),frozenset({'Ibuprofen'}),0.20333333333333334,0.19333333333333333,0.04666666666666667,0.22950819672131148,1.1871113623516112,1.0,0.00735555555555556,1.046950354609929,0.19784817692767495,0.13333333333333336,0.044844871968567956,0.23544375353306954
frozenset({'Ibuprofen'}),frozenset({'Pain Reliever'}),0.19333333333333333,0.20333333333333334,0.04666666666666667,0.2413793103448276,1.1871113623516112,1.0,0.00735555555555556,1.050151515151515,0.19539551357733187,0.13333333333333336,0.04775645649978359,0.23544375353306954
frozenset({'Sleep Aid'}),frozenset({'Ibuprofen'}),0.21333333333333335,0.19333333333333333,0.05333333333333334,0.25,1.293103448275862,1.0,0.012088888888888892,1.0755555555555556,0.28813559322033905,0.15094339622641512,0.07024793388429752,0.2629310344827586
frozenset({'Ibuprofen'}),frozenset({'Sleep Aid'}),0.19333333333333333,0.21333333333333335,0.05333333333333334,0.27586206896551724,1.2931034482758619,1.0,0.012088888888888892,1.0863492063492062,0.28099173553719015,0.15094339622641512,0.07948568088836935,0.2629310344827586
"frozenset({'Hand Sanitizer', 'Vitamin C'})",frozenset({'Allergy Pills'}),0.056666666666666664,0.24,0.02,0.35294117647058826,1.4705882352941178,1.0,0.006400000000000001,1.1745454545454548,0.3392226148409895,0.07228915662650603,0.1486068111455109,0.2181372549019608
"frozenset({'Vitamin C', 'Allergy Pills'})",frozenset({'Hand Sanitizer'}),0.03666666666666667,0.25666666666666665,0.02,0.5454545454545454,2.125147579693034,1.0,0.010588888888888889,1.6353333333333333,0.5495963091118801,0.07317073170731708,0.3885038728088055,0.3116883116883117
"frozenset({'Hand Sanitizer', 'Allergy Pills'})",frozenset({'Vitamin C'}),0.05333333333333334,0.20333333333333334,0.02,0.375,1.8442622950819672,1.0,0.009155555555555556,1.2746666666666666,0.4835680751173709,0.08450704225352113,0.21548117154811716,0.23668032786885246
frozenset({'Vitamin C'}),"frozenset({'Hand Sanitizer', 'Allergy Pills'})",0.20333333333333334,0.05333333333333334,0.02,0.09836065573770492,1.8442622950819672,1.0,0.009155555555555556,1.049939393939394,0.5746164574616457,0.08450704225352113,0.04756407296236435,0.23668032786885246
frozenset({'Hand Sanitizer'}),"frozenset({'Vitamin C', 'Allergy Pills'})",0.25666666666666665,0.03666666666666667,0.02,0.07792207792207793,2.1251475796930346,1.0,0.010588888888888889,1.0447417840375588,0.7122571001494767,0.07317073170731708,0.04282568642430235,0.3116883116883117
frozenset({'Allergy Pills'}),"frozenset({'Hand Sanitizer', 'Vitamin C'})",0.24,0.056666666666666664,0.02,0.08333333333333334,1.470588235294118,1.0,0.006400000000000001,1.029090909090909,0.42105263157894746,0.07228915662650603,0.02826855123674913,0.2181372549019608
"frozenset({'Bandages', 'Hand Sanitizer'})",frozenset({'Antacid'}),0.04666666666666667,0.23,0.02,0.42857142857142855,1.8633540372670805,1.0,0.009266666666666666,1.3475000000000001,0.48601398601398593,0.07792207792207793,0.2578849721706864,0.2577639751552795
"frozenset({'Bandages', 'Antacid'})",frozenset({'Hand Sanitizer'}),0.06333333333333334,0.25666666666666665,0.02,0.3157894736842105,1.2303485987696514,1.0,0.0037444444444444426,1.0864102564102565,0.19988137603795955,0.06666666666666667,0.07953740854378097,0.19685577580314423
"frozenset({'Hand Sanitizer', 'Antacid'})",frozenset({'Bandages'}),0.06333333333333334,0.23,0.02,0.3157894736842105,1.3729977116704803,1.0,0.005433333333333332,1.1253846153846154,0.290035587188612,0.07317073170731708,0.11141490088858506,0.20137299771167047
frozenset({'Bandages'}),"frozenset({'Hand Sanitizer', 'Antacid'})",0.23,0.06333333333333334,0.02,0.08695652173913043,1.3729977116704803,1.0,0.005433333333333332,1.0258730158730158,0.3528138528138527,0.07317073170731708,0.025220485842488,0.20137299771167047
frozenset({'Hand Sanitizer'}),"frozenset({'Bandages', 'Antacid'})",0.25666666666666665,0.06333333333333334,0.02,0.07792207792207793,1.2303485987696514,1.0,0.0037444444444444426,1.0158215962441315,0.2518684603886396,0.06666666666666667,0.01557517215880206,0.19685577580314423
frozenset({'Antacid'}),"frozenset({'Bandages', 'Hand Sanitizer'})",0.23,0.04666666666666667,0.02,0.08695652173913043,1.8633540372670807,1.0,0.009266666666666666,1.044126984126984,0.6017316017316017,0.07792207792207793,0.0422620857403466,0.2577639751552795
"frozenset({'Bandages', 'Thermometer'})",frozenset({'Antacid'}),0.07333333333333333,0.23,0.02666666666666667,0.36363636363636365,1.5810276679841897,1.0,0.0098,1.21,0.3965827338129496,0.0963855421686747,0.17355371900826447,0.23978919631093545
"frozenset({'Bandages', 'Antacid'})",frozenset({'Thermometer'}),0.06333333333333334,0.20666666666666667,0.02666666666666667,0.42105263157894735,2.0373514431239386,1.0,0.013577777777777779,1.3703030303030304,0.5435943060498221,0.10958904109589042,0.270234409553295,0.27504244482173174
"frozenset({'Thermometer', 'Antacid'})",frozenset({'Bandages'}),0.06333333333333334,0.23,0.02666666666666667,0.42105263157894735,1.8306636155606406,1.0,0.0121,1.33,0.48443060498220636,0.1,0.24812030075187966,0.2684973302822273
frozenset({'Bandages'}),"frozenset({'Thermometer', 'Antacid'})",0.23,0.06333333333333334,0.02666666666666667,0.11594202898550725,1.8306636155606406,1.0,0.0121,1.0595081967213114,0.5892857142857143,0.1,0.056165867244313786,0.2684973302822273
frozenset({'Thermometer'}),"frozenset({'Bandages', 'Antacid'})",0.20666666666666667,0.06333333333333334,0.02666666666666667,0.12903225806451613,2.0373514431239386,1.0,0.013577777777777779,1.075432098765432,0.6418067226890757,0.10958904109589042,0.07014120078062219,0.27504244482173174
frozenset({'Antacid'}),"frozenset({'Bandages', 'Thermometer'})",0.23,0.07333333333333333,0.02666666666666667,0.11594202898550725,1.5810276679841897,1.0,0.0098,1.0481967213114753,0.47727272727272724,0.0963855421686747,0.04598060681889272,0.23978919631093545
"frozenset({'Cough Syrup', 'Ibuprofen'})",frozenset({'Antacid'}),0.05333333333333334,0.23,0.023333333333333334,0.4375,1.9021739130434783,1.0,0.011066666666666666,1.3688888888888888,0.5010060362173038,0.08974358974358974,0.2694805194805195,0.2694746376811594
"frozenset({'Antacid', 'Ibuprofen'})",frozenset({'Cough Syrup'}),0.04,0.22666666666666666,0.023333333333333334,0.5833333333333334,2.573529411764706,1.0,0.014266666666666669,1.856,0.636904761904762,0.09589041095890412,0.4612068965517242,0.3431372549019608
"frozenset({'Cough Syrup', 'Antacid'})",frozenset({'Ibuprofen'}),0.06,0.19333333333333333,0.023333333333333334,0.3888888888888889,2.0114942528735633,1.0,0.011733333333333335,1.3199999999999998,0.5349544072948329,0.10144927536231886,0.24242424242424243,0.2547892720306513
frozenset({'Ibuprofen'}),"frozenset({'Cough Syrup', 'Antacid'})",0.19333333333333333,0.06,0.023333333333333334,0.1206896551724138,2.0114942528735633,1.0,0.011733333333333335,1.0690196078431373,0.6233766233766235,0.10144927536231886,0.06456346294937639,0.2547892720306513
frozenset({'Cough Syrup'}),"frozenset({'Antacid', 'Ibuprofen'})",0.22666666666666666,0.04,0.023333333333333334,0.10294117647058824,2.573529411764706,1.0,0.014266666666666669,1.0701639344262295,0.79064039408867,0.09589041095890412,0.0655637254901961,0.3431372549019608
frozenset({'Antacid'}),"frozenset({'Cough Syrup', 'Ibuprofen'})",0.23,0.05333333333333334,0.023333333333333334,0.10144927536231885,1.9021739130434783,1.0,0.011066666666666666,1.0535483870967741,0.6159554730983301,0.08974358974358974,0.050826699326393145,0.2694746376811594
"frozenset({'Hand Sanitizer', 'Sleep Aid'})",frozenset({'Antacid'}),0.05,0.23,0.02,0.39999999999999997,1.7391304347826084,1.0,0.008499999999999999,1.2833333333333332,0.4473684210526315,0.07692307692307693,0.22077922077922071,0.2434782608695652
"frozenset({'Hand Sanitizer', 'Antacid'})",frozenset({'Sleep Aid'}),0.06333333333333334,0.21333333333333335,0.02,0.3157894736842105,1.4802631578947367,1.0,0.006488888888888888,1.1497435897435897,0.3463819691577698,0.07792207792207793,0.13024085637823368,0.20476973684210525
"frozenset({'Antacid', 'Sleep Aid'})",frozenset({'Hand Sanitizer'}),0.05,0.25666666666666665,0.02,0.39999999999999997,1.5584415584415583,1.0,0.007166666666666667,1.238888888888889,0.37719298245614036,0.06976744186046513,0.19282511210762326,0.23896103896103896
frozenset({'Hand Sanitizer'}),"frozenset({'Antacid', 'Sleep Aid'})",0.25666666666666665,0.05,0.02,0.07792207792207793,1.5584415584415585,1.0,0.007166666666666667,1.0302816901408451,0.48206278026905824,0.06976744186046513,0.02939166097060835,0.23896103896103896
frozenset({'Sleep Aid'}),"frozenset({'Hand Sanitizer', 'Antacid'})",0.21333333333333335,0.06333333333333334,0.02,0.09375,1.4802631578947367,1.0,0.006488888888888888,1.0335632183908046,0.4124293785310734,0.07792207792207793,0.03247330960854092,0.20476973684210525
frozenset({'Antacid'}),"frozenset({'Hand Sanitizer', 'Sleep Aid'})",0.23,0.05,0.02,0.08695652173913043,1.7391304347826086,1.0,0.008499999999999999,1.0404761904761903,0.5519480519480519,0.07692307692307693,0.038901601830663615,0.2434782608695652
"frozenset({'Thermometer', 'Hand Sanitizer'})",frozenset({'Antacid'}),0.06333333333333334,0.23,0.023333333333333334,0.3684210526315789,1.6018306636155606,1.0,0.008766666666666666,1.2191666666666667,0.4011184544992374,0.08641975308641975,0.17976760082023235,0.2349351639969489
"frozenset({'Thermometer', 'Antacid'})",frozenset({'Hand Sanitizer'}),0.06333333333333334,0.25666666666666665,0.023333333333333334,0.3684210526315789,1.4354066985645932,1.0,0.007077777777777777,1.1769444444444446,0.3238434163701067,0.07865168539325842,0.1503422232711824,0.2296650717703349
"frozenset({'Hand Sanitizer', 'Antacid'})",frozenset({'Thermometer'}),0.06333333333333334,0.20666666666666667,0.023333333333333334,0.3684210526315789,1.7826825127334465,1.0,0.010244444444444445,1.2561111111111112,0.46873411286222677,0.0945945945945946,0.20389208314904908,0.24066213921901528
frozenset({'Thermometer'}),"frozenset({'Hand Sanitizer', 'Antacid'})",0.20666666666666667,0.06333333333333334,0.023333333333333334,0.11290322580645162,1.7826825127334465,1.0,0.010244444444444445,1.0558787878787879,0.553421368547419,0.0945945945945946,0.052921593387670766,0.24066213921901528
frozenset({'Hand Sanitizer'}),"frozenset({'Thermometer', 'Antacid'})",0.25666666666666665,0.06333333333333334,0.023333333333333334,0.09090909090909091,1.4354066985645932,1.0,0.007077777777777777,1.0303333333333333,0.4080717488789236,0.07865168539325842,0.029440310579100612,0.2296650717703349
frozenset({'Antacid'}),"frozenset({'Thermometer', 'Hand Sanitizer'})",0.23,0.06333333333333334,0.023333333333333334,0.10144927536231885,1.6018306636155606,1.0,0.008766666666666666,1.0424193548387097,0.48794063079777356,0.08641975308641975,0.0406931765434009,0.2349351639969489
"frozenset({'Cough Drops', 'First Aid Kit'})",frozenset({'Aspirin'}),0.04666666666666667,0.22333333333333333,0.02,0.42857142857142855,1.9189765458422174,1.0,0.009577777777777779,1.3591666666666666,0.5023310023310024,0.08,0.26425505824647455,0.25906183368869934
"frozenset({'Cough Drops', 'Aspirin'})",frozenset({'First Aid Kit'}),0.04666666666666667,0.25333333333333335,0.02,0.42857142857142855,1.6917293233082704,1.0,0.008177777777777777,1.3066666666666666,0.4289044289044288,0.07142857142857142,0.23469387755102036,0.2537593984962406
"frozenset({'First Aid Kit', 'Aspirin'})",frozenset({'Cough Drops'}),0.056666666666666664,0.23,0.02,0.35294117647058826,1.5345268542199488,1.0,0.006966666666666668,1.1900000000000002,0.3692579505300354,0.075,0.1596638655462185,0.21994884910485935
frozenset({'Cough Drops'}),"frozenset({'First Aid Kit', 'Aspirin'})",0.23,0.056666666666666664,0.02,0.08695652173913043,1.5345268542199488,1.0,0.006966666666666668,1.0331746031746032,0.45238095238095244,0.075,0.03210938700261177,0.21994884910485935
frozenset({'First Aid Kit'}),"frozenset({'Cough Drops', 'Aspirin'})",0.25333333333333335,0.04666666666666667,0.02,0.07894736842105263,1.6917293233082704,1.0,0.008177777777777777,1.0350476190476192,0.5476190476190477,0.07142857142857142,0.03386087596613912,0.2537593984962406
frozenset({'Aspirin'}),"frozenset({'Cough Drops', 'First Aid Kit'})",0.22333333333333333,0.04666666666666667,0.02,0.08955223880597016,1.9189765458422177,1.0,0.009577777777777779,1.047103825136612,0.6165951359084407,0.08,0.044984865880388275,0.25906183368869934
"frozenset({'Eye Drops', 'First Aid Kit'})",frozenset({'Aspirin'}),0.05333333333333334,0.22333333333333333,0.02,0.375,1.6791044776119404,1.0,0.008088888888888889,1.2426666666666666,0.4272300469483568,0.07792207792207793,0.19527896995708158,0.2322761194029851
"frozenset({'Eye Drops', 'Aspirin'})",frozenset({'First Aid Kit'}),0.04666666666666667,0.25333333333333335,0.02,0.42857142857142855,1.6917293233082704,1.0,0.008177777777777777,1.3066666666666666,0.4289044289044288,0.07142857142857142,0.23469387755102036,0.2537593984962406
"frozenset({'First Aid Kit', 'Aspirin'})",frozenset({'Eye Drops'}),0.056666666666666664,0.21666666666666667,0.02,0.35294117647058826,1.6289592760180995,1.0,0.007722222222222222,1.2106060606060607,0.4093050647820966,0.07894736842105264,0.17396745932415522,0.22262443438914029
frozenset({'Eye Drops'}),"frozenset({'First Aid Kit', 'Aspirin'})",0.21666666666666667,0.056666666666666664,0.02,0.09230769230769231,1.6289592760180998,1.0,0.007722222222222222,1.0392655367231638,0.49290780141843976,0.07894736842105264,0.037782005979885847,0.22262443438914029
frozenset({'First Aid Kit'}),"frozenset({'Eye Drops', 'Aspirin'})",0.25333333333333335,0.04666666666666667,0.02,0.07894736842105263,1.6917293233082704,1.0,0.008177777777777777,1.0350476190476192,0.5476190476190477,0.07142857142857142,0.03386087596613912,0.2537593984962406
frozenset({'Aspirin'}),"frozenset({'Eye Drops', 'First Aid Kit'})",0.22333333333333333,0.05333333333333334,0.02,0.08955223880597016,1.6791044776119404,1.0,0.008088888888888889,1.0397814207650273,0.5207439198855508,0.07792207792207793,0.03825940718940509,0.2322761194029851
"frozenset({'Bandages', 'Thermometer'})",frozenset({'First Aid Kit'}),0.07333333333333333,0.25333333333333335,0.02,0.2727272727272727,1.0765550239234447,1.0,0.0014222222222222206,1.0266666666666666,0.07673860911270974,0.06521739130434784,0.02597402597402592,0.17583732057416268
"frozenset({'Bandages', 'First Aid Kit'})",frozenset({'Thermometer'}),0.05333333333333334,0.20666666666666667,0.02,0.375,1.814516129032258,1.0,0.008977777777777777,1.2693333333333334,0.4741784037558685,0.08333333333333333,0.21218487394957983,0.23588709677419356
"frozenset({'Thermometer', 'First Aid Kit'})",frozenset({'Bandages'}),0.05333333333333334,0.23,0.02,0.375,1.6304347826086956,1.0,0.007733333333333332,1.232,0.408450704225352,0.0759493670886076,0.1883116883116883,0.23097826086956522
frozenset({'Bandages'}),"frozenset({'Thermometer', 'First Aid Kit'})",0.23,0.05333333333333334,0.02,0.08695652173913043,1.6304347826086956,1.0,0.007733333333333332,1.0368253968253967,0.502164502164502,0.0759493670886076,0.03551745254133496,0.23097826086956522
frozenset({'Thermometer'}),"frozenset({'Bandages', 'First Aid Kit'})",0.20666666666666667,0.05333333333333334,0.02,0.0967741935483871,1.814516129032258,1.0,0.008977777777777777,1.0480952380952382,0.5658263305322128,0.08333333333333333,0.04588823262153566,0.23588709677419356
frozenset({'First Aid Kit'}),"frozenset({'Bandages', 'Thermometer'})",0.25333333333333335,0.07333333333333333,0.02,0.07894736842105263,1.076555023923445,1.0,0.0014222222222222206,1.0060952380952382,0.09523809523809514,0.06521739130434784,0.006058311245740245,0.17583732057416268
"frozenset({'Thermometer', 'Pain Reliever'})",frozenset({'First Aid Kit'}),0.04,0.25333333333333335,0.02,0.5,1.9736842105263157,1.0,0.009866666666666666,1.4933333333333332,0.513888888888889,0.07317073170731708,0.33035714285714285,0.2894736842105263
"frozenset({'Thermometer', 'First Aid Kit'})",frozenset({'Pain Reliever'}),0.05333333333333334,0.20333333333333334,0.02,0.375,1.8442622950819672,1.0,0.009155555555555556,1.2746666666666666,0.4835680751173709,0.08450704225352113,0.21548117154811716,0.23668032786885246
"frozenset({'First Aid Kit', 'Pain Reliever'})",frozenset({'Thermometer'}),0.05,0.20666666666666667,0.02,0.39999999999999997,1.9354838709677418,1.0,0.009666666666666667,1.322222222222222,0.5087719298245614,0.08450704225352113,0.2436974789915966,0.24838709677419352
frozenset({'Thermometer'}),"frozenset({'First Aid Kit', 'Pain Reliever'})",0.20666666666666667,0.05,0.02,0.0967741935483871,1.9354838709677418,1.0,0.009666666666666667,1.0517857142857143,0.6092436974789915,0.08450704225352113,0.04923599320882852,0.24838709677419352
frozenset({'Pain Reliever'}),"frozenset({'Thermometer', 'First Aid Kit'})",0.20333333333333334,0.05333333333333334,0.02,0.09836065573770492,1.8442622950819672,1.0,0.009155555555555556,1.049939393939394,0.5746164574616457,0.08450704225352113,0.04756407296236435,0.23668032786885246
frozenset({'First Aid Kit'}),"frozenset({'Thermometer', 'Pain Reliever'})",0.25333333333333335,0.04,0.02,0.07894736842105263,1.9736842105263157,1.0,0.009866666666666666,1.0422857142857143,0.6607142857142857,0.07317073170731708,0.040570175438596486,0.2894736842105263
